timestamp,step,asset,found,score,threshold,scale,rel_x,rel_y,abs_x,abs_y,window_left,window_top,window_w,window_h,note
2026-09-27T21:37:33.053274,Home Attack! icon,attack_menu,True,0.8947,0.82,0.95,144,846,745,846,601,0,1322,1083,
2026-09-27T21:37:36.336150,Find a Match,find_match,True,0.8684,0.72,1.15,196,702,797,702,601,0,1322,1083,
2026-09-27T21:37:42.369286,Attack! (base preview),attack_go,True,0.9028,0.82,0.95,1140,813,1741,813,601,0,1322,1083,
2026-09-27T21:37:47.640069,gollum_select,gollum,True,0.8798,0.85,1.10,295,858,896,858,601,0,1322,1083,
2026-09-27T21:38:48.130650,End Battle,end_battle,True,0.7106,0.68,1.10,154,763,755,763,601,0,1322,1083,
2026-09-27T21:38:51.212462,surrender_okay,surrender_dialog,True,0.9435,0.90,1.15,813,648,1414,648,601,0,1322,1083,
2026-09-27T21:38:56.771732,Return Home,return_home,True,0.9477,0.82,1.10,703,818,1304,818,601,0,1322,1083,
2026-09-27T21:39:01.830305,Home Attack! icon,attack_menu,True,0.8933,0.82,0.95,144,846,745,846,601,0,1322,1083,
2026-09-27T21:39:02.413872,Find a Match,find_match,True,0.8826,0.72,1.15,198,702,799,702,601,0,1322,1083,
2026-09-27T21:42:38.199625,Home Attack! icon,attack_menu,True,0.8933,0.82,0.95,144,846,745,846,601,0,1322,1083,
2026-09-27T21:42:38.985617,Find a Match,find_match,True,0.7482,0.72,1.15,186,702,787,702,601,0,1322,1083,
2026-09-27T21:42:45.542382,Attack! (base preview),attack_go,True,0.9031,0.82,0.95,1140,813,1741,813,601,0,1322,1083,
2026-09-27T21:52:04.328003,Home Attack! icon,attack_menu,True,0.8610,0.82,0.95,144,846,745,846,601,0,1322,1083,
2026-09-27T21:52:09.146886,Find a Match,find_match,True,0.9104,0.72,1.15,258,702,859,702,601,0,1322,1083,
2026-09-27T21:52:14.840470,Attack! (base preview),attack_go,True,0.9002,0.82,0.95,1140,813,1741,813,601,0,1322,1083,
2026-09-27T21:52:23.010077,gollum_select,gollum,True,0.8941,0.85,1.10,295,858,896,858,601,0,1322,1083,
2026-09-27T21:53:29.972615,Home Attack! icon,attack_menu,True,0.8919,0.82,0.95,144,846,745,846,601,0,1322,1083,
2026-09-27T21:53:30.585167,Find a Match,find_match,True,0.8844,0.72,1.15,195,702,796,702,601,0,1322,1083,
2026-09-27T22:06:09.189200,Home Attack! icon,attack_menu,True,0.8906,0.82,0.95,144,846,745,846,601,0,1322,1083,
2026-09-27T22:06:11.554187,Find a Match,find_match,True,0.8954,0.72,1.15,202,702,803,702,601,0,1322,1083,
2026-09-27T22:06:18.145130,Attack! (base preview),attack_go,True,0.8936,0.82,0.95,1140,813,1741,813,601,0,1322,1083,
2026-09-27T22:06:25.148665,gollum_select,gollum,True,0.9026,0.85,1.10,295,858,896,858,601,0,1322,1083,
2026-09-27T22:07:24.242874,Home Attack! icon,attack_menu,True,0.8435,0.82,0.95,144,849,736,849,592,0,1331,1083,
2026-09-27T22:07:28.579455,Find a Match,find_match,True,0.8425,0.72,1.15,258,703,850,703,592,0,1331,1083,
2026-09-27T22:07:35.296317,Attack! (base preview),attack_go,True,0.8461,0.82,0.95,1148,815,1740,815,592,0,1331,1083,
2026-09-27T22:07:40.005215,gollum_select,gollum,True,0.9002,0.85,1.10,296,860,888,860,592,0,1331,1083,
